"","ONTOLOGY","ID","Description","GeneRatio","BgRatio","pvalue","p.adjust","qvalue","geneID","Count"
"GO:0090306","BP","GO:0090306","meiotic spindle assembly","2/32","37/69652",0.000134822205459496,0.034755766081994,0.021016924618451,"TUBB8/GOLGA2",2
"GO:0051289","BP","GO:0051289","protein homotetramerization","3/32","282/69652",0.000298551352986125,0.034755766081994,0.021016924618451,"THG1L/GOLGA2/APIP",3
"GO:0099116","BP","GO:0099116","tRNA 5'-end processing","2/32","62/69652",0.000380070606923778,0.034755766081994,0.021016924618451,"THG1L/POP4",2
"GO:0000212","BP","GO:0000212","meiotic spindle organization","2/32","72/69652",0.00051225756540499,0.034755766081994,0.021016924618451,"TUBB8/GOLGA2",2
"GO:0034471","BP","GO:0034471","ncRNA 5'-end processing","2/32","79/69652",0.000616236987269396,0.034755766081994,0.021016924618451,"THG1L/POP4",2
"GO:0000966","BP","GO:0000966","RNA 5'-end processing","2/32","90/69652",0.000798526709993507,0.0375307553696948,0.0226949696524471,"THG1L/POP4",2
