"","ONTOLOGY","ID","Description","GeneRatio","BgRatio","pvalue","p.adjust","qvalue","geneID","Count"
"GO:0042273","BP","GO:0042273","ribosomal large subunit biogenesis","5/89","264/69652",2.41066779671997e-05,0.0293860404420164,0.0252231977888384,"ZNF622/RRS1/PES1/NIFK/NOP53",5
"GO:0030687","CC","GO:0030687","preribosome, large subunit precursor","3/90","83/71190",0.000166841871344093,0.0174651646918448,0.0149587222924594,"ZNF622/RRS1/PES1",3
"GO:0035578","CC","GO:0035578","azurophil granule lumen","5/90","426/71190",0.000216958567600556,0.0174651646918448,0.0149587222924594,"GRN/GLA/GGH/DYNC1H1/AGA",5
"GO:0097452","CC","GO:0097452","GAIT complex","2/90","24/71190",0.000428390870475899,0.0229903100488732,0.0196909487832782,"GAPDH/EPRS1",2
"GO:0030684","CC","GO:0030684","preribosome","4/90","302/71190",0.00060891787814403,0.0245089445952972,0.020991642641281,"ZNF622/RRS1/PES1/HEATR1",4
"GO:0005915","CC","GO:0005915","zonula adherens","2/90","38/71190",0.00107866596200178,0.0347330439764572,0.0297484717941543,"NECTIN2/CTNND1",2
