"","ONTOLOGY","ID","Description","GeneRatio","BgRatio","pvalue","p.adjust","qvalue","geneID","Count"
"GO:0036457","CC","GO:0036457","keratohyalin granule","2/27","13/71190",1.07765896777358e-05,0.000441840176787169,0.000294938243811717,"HRNR/FLG2",2
"GO:0001533","CC","GO:0001533","cornified envelope","2/27","145/71190",0.00139856793995818,0.0286706427691427,0.0191382981257435,"HRNR/FLG2",2
